{"cameraMode":{"drawMode":0,"name":"Shaded","section":"Shading Mode"},"sceneLighting":true,"audioPlay":false,"sceneViewState":{"showFog":true,"showMaterialUpdate":false,"showSkybox":true,"showFlares":true,"showImageEffects":true,"showParticleSystems":true},"in2DMode":false,"pivot":{"x":-2.1036603450775148,"y":1.0151948928833008,"z":-0.541710376739502},"rotation":{"x":-0.009118045680224896,"y":0.9115121364593506,"z":-0.41068023443222048,"w":-0.02023797482252121},"size":12.130924224853516,"orthographic":false}