{"cameraMode":{"drawMode":0,"name":"Shaded","section":"Shading Mode"},"sceneLighting":true,"audioPlay":false,"sceneViewState":{"showFog":true,"showMaterialUpdate":false,"showSkybox":true,"showFlares":true,"showImageEffects":true,"showParticleSystems":true},"in2DMode":false,"pivot":{"x":-1.6956514120101929,"y":-0.7526426315307617,"z":1.7910423278808594},"rotation":{"x":-0.003459508763626218,"y":0.8769335746765137,"z":-0.4805637001991272,"w":-0.006313154008239508},"size":18.838956832885743,"orthographic":false}